postal_code,district
0131,St. Hanshaugen
0139,Nordstrand
0152,Sentrum
0153,Sentrum
0165,St. Hanshaugen
0166,St. Hanshaugen
0167,St. Hanshaugen
0168,St. Hanshaugen
0169,St. Hanshaugen
0170,St. Hanshaugen
0171,St. Hanshaugen
0172,St. Hanshaugen
0173,St. Hanshaugen
0174,St. Hanshaugen
0175,St. Hanshaugen
0176,St. Hanshaugen
0177,St. Hanshaugen
0178,St. Hanshaugen
0179,St. Hanshaugen
0182,Gamle Oslo
0183,Gamle Oslo
0186,St. Hanshaugen
0187,Gamle Oslo
0188,Gamle Oslo
0190,Gamle Oslo
0191,Gamle Oslo
0192,Nordstrand
0193,Nordstrand
0194,Gamle Oslo
0195,Gamle Oslo
0196,Gamle Oslo
0198,Gamle Oslo
0250,Frogner
0251,Frogner
0252,Frogner
0253,Frogner
0254,Frogner
0255,Frogner
0256,Frogner
0257,Frogner
0258,Frogner
0259,Frogner
0260,Frogner
0262,Frogner
0263,Frogner
0264,Frogner
0265,Frogner
0266,Frogner
0267,Frogner
0268,Frogner
0270,Frogner
0271,Frogner
0272,Frogner
0273,Frogner
0274,Frogner
0275,Frogner
0276,Frogner
0279,Frogner
0280,Ullern
0281,Ullern
0282,Ullern
0283,Ullern
0284,Ullern
0286,Ullern
0287,Frogner
0350,Frogner
0351,Frogner
0352,Frogner
0353,Frogner
0354,Frogner
0355,Frogner
0356,Frogner
0357,Frogner
0358,Frogner
0359,Frogner
0360,Frogner
0361,Frogner
0362,Frogner
0363,Frogner
0364,Frogner
0365,Frogner
0366,Frogner
0367,Frogner
0368,Frogner
0369,Frogner
0370,Vestre Aker
0371,Vestre Aker
0372,Vestre Aker
0373,Vestre Aker
0374,Vestre Aker
0375,Vestre Aker
0376,Vestre Aker
0377,Vestre Aker
0378,Vestre Aker
0379,Vestre Aker
0380,Vestre Aker
0381,Vestre Aker
0382,Vestre Aker
0383,Vestre Aker
0451,St. Hanshaugen
0452,St. Hanshaugen
0454,St. Hanshaugen
0455,St. Hanshaugen
0456,St. Hanshaugen
0457,St. Hanshaugen
0458,St. Hanshaugen
0459,St. Hanshaugen
0460,Sagene
0461,Sagene
0462,Sagene
0463,Sagene
0464,Sagene
0465,Sagene
0467,Sagene
0468,Sagene
0469,Sagene
0470,Sagene
0472,Sagene
0473,Sagene
0474,Sagene
0475,Sagene
0476,Sagene
0477,Sagene
0478,Sagene
0479,Sagene
0480,Sagene
0481,Sagene
0482,Sagene
0483,Sagene
0484,Sagene
0485,Sagene
0486,Sagene
0487,Sagene
0488,Sagene
0489,Sagene
0490,Nordre Aker
0491,Nordre Aker
0492,Nordre Aker
0493,Nordre Aker
0495,Nordre Aker
0550,Grünerløkka
0551,Grünerløkka
0552,Grünerløkka
0553,Grünerløkka
0554,Grünerløkka
0555,Grünerløkka
0556,Grünerløkka
0557,Grünerløkka
0558,Grünerløkka
0559,Grünerløkka
0560,Grünerløkka
0561,Grünerløkka
0562,Grünerløkka
0563,Grünerløkka
0564,Grünerløkka
0565,Grünerløkka
0566,Grünerløkka
0567,Grünerløkka
0568,Grünerløkka
0569,Grünerløkka
0570,Bjerke
0571,Bjerke
0572,Bjerke
0573,Bjerke
0574,Bjerke
0575,Bjerke
0576,Bjerke
0577,Bjerke
0578,Bjerke
0579,Bjerke
0580,Bjerke
0581,Bjerke
0584,Bjerke
0585,Bjerke
0586,Bjerke
0587,Bjerke
0588,Bjerke
0589,Bjerke
0590,Bjerke
0591,Bjerke
0592,Nordre Aker
0593,Nordre Aker
0594,Nordre Aker
0595,Bjerke
0596,Bjerke
0597,Bjerke
0598,Bjerke
0650,Gamle Oslo
0651,Gamle Oslo
0652,Gamle Oslo
0653,Gamle Oslo
0654,Gamle Oslo
0655,Gamle Oslo
0656,Gamle Oslo
0657,Gamle Oslo
0658,Gamle Oslo
0659,Gamle Oslo
0660,Gamle Oslo
0661,Gamle Oslo
0662,Gamle Oslo
0663,Alna
0664,Gamle Oslo
0665,Gamle Oslo
0666,Gamle Oslo
0667,Gamle Oslo
0669,Østensjø
0670,Østensjø
0672,Østensjø
0673,Alna
0674,Østensjø
0675,Østensjø
0676,Østensjø
0678,Østensjø
0679,Østensjø
0680,Østensjø
0681,Østensjø
0682,Østensjø
0683,Østensjø
0684,Østensjø
0685,Østensjø
0686,Østensjø
0688,Østensjø
0689,Østensjø
0690,Østensjø
0691,Østensjø
0692,Østensjø
0693,Østensjø
0694,Østensjø
0750,Vestre Aker
0751,Vestre Aker
0752,Vestre Aker
0753,Vestre Aker
0754,Vestre Aker
0755,Vestre Aker
0756,Vestre Aker
0757,Vestre Aker
0758,Vestre Aker
0760,Vestre Aker
0764,Vestre Aker
0765,Vestre Aker
0766,Vestre Aker
0767,Vestre Aker
0768,Vestre Aker
0770,Vestre Aker
0771,Vestre Aker
0772,Vestre Aker
0773,Vestre Aker
0774,Vestre Aker
0775,Vestre Aker
0776,Vestre Aker
0777,Vestre Aker
0778,Vestre Aker
0779,Vestre Aker
0781,Vestre Aker
0782,Vestre Aker
0783,Vestre Aker
0784,Vestre Aker
0785,Vestre Aker
0786,Vestre Aker
0787,Vestre Aker
0788,Vestre Aker
0789,Vestre Aker
0790,Vestre Aker
0791,Vestre Aker
0850,Nordre Aker
0851,Nordre Aker
0852,Nordre Aker
0854,Nordre Aker
0855,Nordre Aker
0860,Nordre Aker
0861,Nordre Aker
0862,Nordre Aker
0870,Nordre Aker
0872,Nordre Aker
0873,Nordre Aker
0875,Nordre Aker
0876,Nordre Aker
0881,Nordre Aker
0882,Nordre Aker
0883,Nordre Aker
0884,Nordre Aker
0891,Nordre Aker
0950,Grorud
0951,Grorud
0952,Grorud
0957,Grorud
0958,Grorud
0959,Grorud
0960,Grorud
0963,Grorud
0968,Grorud
0969,Grorud
0970,Grorud
0971,Grorud
0972,Grorud
0973,Grorud
0976,Grorud
0977,Grorud
0978,Grorud
0979,Grorud
0980,Stovner
0981,Stovner
0982,Stovner
0983,Stovner
0984,Stovner
0985,Stovner
0986,Stovner
0987,Stovner
1052,Alna
1053,Alna
1054,Alna
1056,Alna
1061,Alna
1062,Alna
1063,Alna
1064,Alna
1065,Alna
1067,Alna
1068,Alna
1069,Alna
1071,Alna
1084,Alna
1086,Alna
1087,Nordstrand
1088,Nordstrand
1150,Nordstrand
1151,Nordstrand
1152,Nordstrand
1153,Nordstrand
1154,Nordstrand
1155,Nordstrand
1156,Nordstrand
1157,Nordstrand
1160,Nordstrand
1161,Nordstrand
1162,Nordstrand
1163,Nordstrand
1164,Nordstrand
1165,Nordstrand
1166,Nordstrand
1167,Nordstrand
1168,Nordstrand
1169,Nordstrand
1170,Nordstrand
1176,Nordstrand
1177,Nordstrand
1178,Nordstrand
1179,Nordstrand
1181,Nordstrand
1182,Nordstrand
1184,Nordstrand
1185,Nordstrand
1187,Nordstrand
1188,Nordstrand
1189,Nordstrand
1251,Søndre Nordstrand
1252,Søndre Nordstrand
1253,Søndre Nordstrand
1254,Søndre Nordstrand
1256,Søndre Nordstrand
1257,Søndre Nordstrand
1258,Søndre Nordstrand
1259,Søndre Nordstrand
1262,Søndre Nordstrand
1263,Søndre Nordstrand
1266,Søndre Nordstrand
1270,Søndre Nordstrand
1271,Søndre Nordstrand
1272,Søndre Nordstrand
1274,Søndre Nordstrand
1275,Søndre Nordstrand
1279,Søndre Nordstrand
1281,Søndre Nordstrand
1283,Søndre Nordstrand
1284,Søndre Nordstrand
1285,Søndre Nordstrand
1286,Søndre Nordstrand
1290,Søndre Nordstrand
